{
  "action_results": [
    {
      "item_id": "1407242508",
      "normal_url": "http://medium.com/the-mission/how-to-learn-in-2-days-what-normally-takes-6-months-57953ee30da4",
      "resolved_id": "1407242508",
      "extended_item_id": "1407242508",
      "resolved_url": "https://medium.com/the-mission/how-to-learn-in-2-days-what-normally-takes-6-months-57953ee30da4",
      "domain_id": "7521431",
      "origin_domain_id": "7521431",
      "response_code": "200",
      "mime_type": "text/html",
      "content_length": "148265",
      "encoding": "utf-8",
      "date_resolved": "2017-02-28 00:53:30",
      "date_published": "2016-09-08 00:00:00",
      "title": "How To Learn In 2 Days What Normally Takes 6 Months",
      "excerpt": "Research has found that having clarity about your goals is essential to having motivation to achieve those goals.  If you’re not clear on what you’re doing, it’s hard to be motivated. Which is why seemingly easy tasks, like sending a fax, could end up taking months.",
      "word_count": "2516",
      "innerdomain_redirect": "0",
      "login_required": "0",
      "has_image": "1",
      "has_video": "0",
      "is_index": "0",
      "is_article": "1",
      "used_fallback": "0",
      "lang": "en",
      "time_first_parsed": "0",
      
      "authors": {
        "50604762": {
          "author_id": "50604762",
          "name": "Benjamin P. Hardy",
          "url": "https://medium.com/@benjaminhardy?source=post_header_lockup"
        },
        "62604778": {
          "author_id": "62604778",
          "name": "Learn",
          "url": "https://medium.com/@Medium/personalize-your-medium-experience-with-users-publications-tags-26a41ab1ee0c#.hx4zuv3mg"
        }
      },
      "images": {
        "1": {
          "item_id": "1407242508",
          "image_id": "1",
          "src": "https://cdn-images-1.medium.com/max/2000/1*04U9z2HlW1zt1g_x4Ra41g.jpeg",
          "width": "0",
          "height": "0",
          "credit": "",
          "caption": "http://i.huffpost.com/gen/1744055/images/o-ALBERT-facebook.jpg"
        },
        "2": {
          "item_id": "1407242508",
          "image_id": "2",
          "src": "https://cdn-images-1.medium.com/max/1600/1*cdhOKo1-7-VbZfA4WVCXGQ.jpeg",
          "width": "0",
          "height": "0",
          "credit": "",
          "caption": "http://thecreatormind.com/wp-content/uploads/2013/12/what-success-really-looks-like.jpg"
        }
      },
      "videos": [],
      "top_image_url": "https://cdn-images-1.medium.com/max/1200/1*04U9z2HlW1zt1g_x4Ra41g.jpeg",
      "resolved_normal_url": "http://medium.com/the-mission/how-to-learn-in-2-days-what-normally-takes-6-months-57953ee30da4",
      "given_url": "https://medium.com/the-mission/how-to-learn-in-2-days-what-normally-takes-6-months-57953ee30da4#.wjak548lv"
    }
  ],
  "status": 1
}